V1,V2
2.072345,-3.241693
17.93671,15.78481
1.083576,7.319176
11.12067,14.40678
23.71155,2.557729
24.169929999999997,32.02478
21.665779999999998,4.892855
4.693683999999998,12.34217
19.21191,-1.121366
4.230391,-4.441536
9.127130000000001,23.60572
0.4075031,15.29705
7.314846000000001,3.3093120000000003
-3.438403,-12.025269999999999
17.63935,-3.212345
4.415292,22.81555
11.94122,8.122487
0.7258532,1.806819
8.185273,28.1326
-5.773587,1.0248
18.76943,24.16946
7.752016,-3.3349910000000005
10.61132,28.44378
2.02165,-4.6871220000000005
5.145525,11.186
6.24331,19.47716
-11.706710000000001,8.073185
7.255978,14.637039999999999
3.3923730000000005,1.220712
24.2999,40.42887
4.094005,6.944694999999999
11.80358,-2.445336
0.09228785,-6.651035
28.50607,-9.091833
23.40831,7.931438000000001
10.56305,12.54468
20.14157,11.11789
-1.8712650000000002,8.60885
29.30237,14.02176
18.65383,17.216720000000002
-2.972188,6.370998999999999
10.32313,12.115739999999999
16.90539,-1.3550440000000001
6.753710000000001,12.02797
23.947770000000002,13.350470000000001
6.8835130000000015,6.188562999999999
-1.241542,10.08179
20.50827,-1.57887
-3.7568300000000003,1.60851
17.9176,13.09896
2.002537,-0.656524
10.7768,15.5336
24.15819,5.3303660000000015
0.3268727,7.288786999999999
21.64777,14.00506
6.871417,21.51998
15.14264,5.111947
11.54712,4.75756
0.6611676,-10.14263
-13.66531,16.93903
24.90937000000001,-10.82038
-4.53022,-6.173767
3.163677,8.051480999999999
1.495172,-7.261601
7.097637,2.1057509999999997
3.5094830000000004,24.584870000000002
12.99879,24.91248
0.3593824,6.3879150000000005
14.354289999999999,-2.252421
3.831208,-2.000873
31.40462,26.772090000000002
-5.501097,13.391279999999998
-1.0447600000000001,5.955898
4.409013,9.323681
2.917201,16.53999
7.265954,10.64794
10.32038,13.368570000000002
9.35213,10.42427
6.648532,11.07535
-1.922306,4.888493
7.2260399999999985,13.02948
8.327288000000001,8.540999000000001
17.69046,21.59555
16.58353,18.16115
12.35425,31.96708
2.4711380000000003,5.482761
18.4925,29.42421
10.1196,7.162078
20.40245,3.9433190000000002
12.71589,4.531656
24.35859,-4.0644
21.74312,15.90887
12.27208,-9.612116
18.29681,22.38563
3.530957,8.673297
5.0260419999999995,36.03767
-0.8633009,-7.5862490000000005
26.83892,13.137129999999999
19.119989999999998,7.209714999999999
-0.8841636999999999,27.152540000000002
-5.191529,29.65612
9.796095,15.435979999999999
11.66314,10.63428
9.925199000000001,26.80364
33.90998,15.026520000000001
9.570039999999999,9.2481
-16.2653,13.90024
15.105789999999999,3.350049
-4.186504,7.964410000000001
12.548160000000001,32.51867
-7.733469,9.634491
18.91337,15.7414
-1.050022,-4.0034550000000015
-6.894765,1.0418020000000001
23.05031,-12.76934
25.960729999999998,11.445219999999999
7.9507949999999985,6.811407000000001
-3.669517,-4.329696
10.52266,23.3561
26.294520000000002,10.51806
12.429039999999999,23.15663
0.1170239,24.652739999999998
-1.040023,1.629857
11.16266,9.0201
13.61452,0.8832188
8.028045,14.82966
20.40253,22.0472
8.818028,18.904239999999998
-0.31631529999999997,21.406010000000002
7.190192999999999,9.139619999999999
-0.4711474,-8.29095
16.6546,-1.519889
10.51711,-5.018592
17.963060000000006,14.46713
-1.3155350000000001,11.6027
5.113728,3.9614339999999997
32.25842,-2.712702
-10.59094,15.402920000000002
21.60892,17.750020000000006
11.31144,1.031762
11.30595,3.0689580000000003
15.511370000000001,8.943091
15.372010000000001,18.17922
3.77755,13.33419
17.279889999999998,13.977979999999999
-3.3497339999999998,26.6599
15.725710000000001,6.373983
25.50999,15.158370000000001
16.68281,18.95937
-4.734694,24.095679999999998
25.08795,19.69376
7.038364,10.6667
4.521214,-6.635304
6.454509,13.662720000000002
5.322541,22.3855
0.6316529000000001,19.79414
-5.669132,11.32511
9.843805999999999,-4.695499
15.39168,14.145270000000002
1.2895809999999999,10.09948
17.10334,6.207793
17.13273,6.609228
9.70176,12.33497
18.80351,-3.160759
6.08478,4.689186
-6.025192,26.612579999999998
4.237603,7.315439
16.82231,8.133560000000001
-4.768829,28.65819
0.5061416,4.9462980000000005
12.57349,10.41494
16.35374,6.874306
0.10097439999999999,2.5902529999999997
13.67556,-12.72959
2.477362,8.42026
14.99279,15.163929999999999
29.717109999999998,15.628739999999999
17.48491,3.3823
13.45815,-4.13764
2.2072,-1.554494
23.05134,24.39491
32.74222,25.56641
15.562970000000002,24.94262
8.132651,8.998712
0.4580866,-9.891244
-9.164294,5.029294
-3.031709,20.23346
12.12393,15.103
19.95281,29.149820000000002
13.004769999999999,27.230929999999997
10.4399,25.7741
0.351724,12.2222
10.37312,6.863772999999999
17.95419,4.455694
21.062920000000002,3.6078669999999997
6.069686,9.325338
14.00808,11.5225
-1.7777919999999998,14.62108
0.7525703,-7.381838
-2.3295470000000003,5.070321
1.77457,6.2785720000000005
10.69576,16.30571
18.11151,34.12422
0.2417766,27.046429999999997
-0.4202355,4.105829
15.41425,14.782570000000002
8.463556,23.04895
12.03072,17.41157
18.68731,6.949078999999999
6.3693550000000005,5.7003260000000004
21.82924,5.564074
7.6154100000000025,-5.024376999999999
5.823252,18.40279
22.35203,8.526174000000001
6.434616,21.16974
0.5560946,-4.8660760000000005
6.737062,-11.7331
-1.392677,14.64543
4.935136,24.86809
20.355079999999997,26.981240000000003
8.624667,10.67174
16.31749,11.640830000000001
9.014875,14.422460000000001
17.598329999999994,26.66023
2.6366490000000002,24.04782
13.82606,16.27159
10.39783,3.804893
-6.27359,3.878999
-11.88057,0.1788024
21.02048,9.690716
18.256320000000002,16.941270000000006
24.96351,-1.158215
10.13696,6.446662
3.5090660000000002,16.55414
2.4099209999999998,-0.3445188
16.0843,7.562616
5.987025,7.456533
12.63902,14.350810000000001
7.3925350000000005,22.613039999999998
10.372119999999999,-1.25827
-19.01791,0.6507304
3.030817,4.580993
34.0303,-3.7164230000000003
-5.843476,13.79137
36.956109999999995,-1.245269
-0.188409,-1.86653
17.28285,1.558553
8.9204,29.19455
-5.873556,6.456733
17.76259,24.02293
12.494819999999999,22.470670000000002
12.6087,3.212588
3.6065989999999997,14.24789
20.483420000000002,13.74531
31.6423,13.04685
4.745898,7.317133
-5.295478,6.0010080000000015
7.2383070000000025,19.98631
6.1445989999999995,19.910339999999998
9.837835,8.336385
18.64695,5.146764
-0.5638628000000001,9.673976
5.21368,21.831429999999997
-0.1993878,9.176207000000002
22.42831,8.390862
19.39561,-7.4128240000000005
31.28428,4.131464
8.380888,0.2647594
7.840689999999999,13.20062
23.859920000000002,6.171501
6.188661,24.926379999999998
18.08387,19.742079999999998
14.230960000000001,12.43815
14.4807,8.661634
30.91987,17.57755
4.117051,3.299065
18.100720000000006,9.572447
-3.777019,1.115207
18.47156,8.861407
30.69195,21.9132
1.838687,13.1765
14.22135,16.96163
27.709609999999998,10.52575
9.956135,7.890053999999999
11.7273,14.000860000000001
2.154482,14.163470000000002
-0.21204339999999997,1.330881
-1.7389830000000002,16.9849
2.299075,-0.29342579999999996
22.01149,-0.4469464
4.275241,16.67383
19.389429999999997,4.436821
8.80722,13.23823
-0.7658179,-4.004811
12.69128,13.529160000000001
12.73131,7.050802
8.388222,23.45347000000001
23.42708,4.5986410000000015
4.046104,7.634936
7.667025,3.193633
22.60801,5.130319999999998
14.743910000000001,28.767329999999998
20.53201,8.01565
16.46037,16.81531
12.70669,11.48214
-1.474059,3.329562
35.049609999999994,14.4484
2.5291770000000002,15.567210000000001
28.9961,-15.578339999999999
10.57878,6.307686
5.52815,14.124270000000001
12.48016,2.7289220000000003
18.100279999999998,3.891689
11.17125,11.10063
14.585379999999999,25.99213
27.21567000000001,-1.980637
-1.4027100000000001,22.3755
-14.66871,9.792318
28.25157,14.285070000000001
2.688756,3.0299970000000003
9.58344,12.00506
3.65772,1.6498709999999999
3.575705,14.80241
34.62557,4.384648
36.12292,12.058489999999999
12.56065,-4.733039
37.48364,34.12808
1.9152740000000001,22.28056
18.14029,3.569117
-1.2149809999999999,-3.3185839999999995
7.6464339999999975,29.922590000000003
-2.844509,13.711179999999999
14.627329999999999,16.4933
-0.37426950000000003,15.06495
10.15795,13.336120000000001
19.4574,11.29307
-6.23644,9.581524
0.2870638,6.756246000000001
7.025386999999999,8.299629
6.2054050000000025,29.41931
12.37304,4.152157
-8.001964,15.628429999999998
9.879503999999999,13.94365
12.83222,20.98375
10.71142,18.593329999999998
10.09704,9.915216000000001
17.89963,6.451302
-6.720686,14.993670000000002
3.7127339999999998,7.361372
-16.22395,17.81785
8.71418,24.10122
17.05254,5.227864
-14.69171,31.799870000000002
7.943416,10.26803
14.004979999999998,21.54721
-1.302871,2.063343
-0.7624772,7.0014119999999975
21.54626,21.13478
1.232726,12.78234
1.602791,2.210584
-6.679344,12.61919
-6.8925399999999994,2.9427950000000003
12.32427,22.68294
21.02468,26.13788
6.443124,-3.984948
22.39199,13.589070000000001
18.06598,2.7535220000000002
8.136961,22.73404
13.142079999999998,24.21235
11.514510000000001,15.922279999999999
-2.505605,15.30741
3.2995900000000002,13.2484
-4.795219,1.21583
29.08478,10.30137
5.1249199999999995,4.627426
17.060779999999998,9.965354
-0.340825,11.859589999999999
15.295320000000002,9.07695
6.39995,23.04672
14.522429999999998,17.693360000000006
28.85673,4.007333999999998
10.77192,5.787269
7.428644999999999,15.77705
-6.637650999999999,14.04711
17.08812,8.223101
15.077570000000001,-13.689429999999998
-22.15215,9.511638
5.04531,1.784843
-2.521792,-7.60383
32.85505,0.32100409999999996
6.070759,5.579687
3.508814,-3.7383290000000002
9.818843,2.407706
11.933530000000001,18.784670000000002
2.850058,-4.31489
5.20408,6.957638
13.56349,9.160739999999999
2.631175,5.677225
6.517994,-0.974309
15.80081,19.642329999999998
14.073879999999999,-1.5770520000000001
-3.888388,0.4062882
18.69151,10.06134
21.0912,26.459509999999998
2.459292,6.8383259999999995
6.513192,-0.7243316999999999
24.3063,14.39751
13.94559,0.7581209
-2.664707,-6.36948
8.106246,0.4920085
17.07317,25.84198
6.0494330000000005,22.92962
23.94025,27.279809999999998
-7.401308,-3.5558080000000003
2.926755,22.41698
-2.774311,-21.36068
-3.094624,16.60375
15.663379999999998,18.608179999999997
22.3694,20.29701
-0.9840129999999999,23.2461
28.63485,4.79718
21.88014,12.66741
-3.6215059999999997,4.7501430000000004
12.52111,8.464080000000001
-22.49599,0.13929160000000002
17.33361,3.268888
-6.884011,-1.824905
10.21154,24.45211
12.14809,12.065760000000001
-1.9248669999999999,-0.13613440000000002
21.60187,10.23303
15.66342,13.893720000000002
15.0212,9.187742
13.60186,16.88655
4.554105,37.176320000000004
12.56063,7.900061
-11.53464,11.63952
24.587979999999998,1.860825
-8.381909,14.354070000000002
-6.1142650000000005,7.3633729999999975
-5.1986099999999995,12.786760000000001
21.17985,10.369810000000001
6.734995,23.19933
10.19698,15.43111
12.04076,17.23649
25.86829,2.396404
-5.335044,7.578044
9.824228,6.06933
14.249670000000002,27.39351
5.553391,13.30626
9.224884,-2.7027229999999998
16.72743,15.952370000000002
13.19714,14.475179999999998
13.476720000000002,-4.123874
6.2834900000000005,11.55091
15.38618,-8.226192
10.96815,9.922543
14.3925,3.203174
22.91966,20.66688
12.9942,15.3486
24.38812,18.26395
-9.467832000000001,0.6434593000000001
-5.9889470000000005,22.67049
-1.766619,18.50818
-2.9972090000000002,15.36209
-2.980586,14.541870000000001
19.18525,12.05587
18.620520000000006,-6.348775
4.541831,3.5867989999999996
2.029832,35.52395
18.081329999999998,6.853875
16.55184,29.25978
20.814870000000006,0.2041338
4.7732410000000005,11.55061
17.54123,24.48917
11.232000000000001,27.956590000000002
19.88413,3.3734900000000003
-3.511829,6.03616
19.837889999999998,5.660164
21.5811,2.3089009999999996
12.77548,11.26171
-3.640386,-8.611116
22.1939,13.675070000000002
24.52809,3.520373
-2.055682,19.0635
22.10497,10.32231
11.01341,25.31104
19.344160000000002,17.969070000000006
-3.011348,22.65403
4.864152,-1.2461200000000001
-12.933810000000001,4.052313
-3.2250419999999997,2.0660119999999997
27.516309999999997,9.72616
15.95689,0.2902336
5.763955,18.514029999999998
24.531129999999997,23.72683
12.13776,-1.241701
-6.7422759999999995,10.8888
1.712732,14.68423
4.114345,23.43694
24.57423,17.20925
12.09148,-2.061826
6.380095,19.50401
15.4881,21.719079999999998
3.5727309999999997,-3.0781490000000002
26.356690000000004,20.47212
14.78471,23.345860000000002
-1.279279,0.9330042
0.01129247,8.008011999999999
5.984768,1.961941
8.858572,17.184720000000002
19.37649,2.122504
9.105789999999999,19.51155
9.643453,6.241649
-3.1091740000000003,18.91863
10.540999999999999,-3.3949540000000002
4.573325,11.782969999999999
22.98676,10.07359
-10.77961,14.08271
5.6329199999999995,18.08959
5.782557,12.32168
27.1903,10.58244
8.920819999999997,30.34188
-1.781047,10.98773
-0.7274996,-7.879213
23.339979999999997,16.66643
16.00585,1.3749639999999999
22.97108,15.7172
8.993785,-9.014578
8.249774,-2.679776
5.368688,12.60516
25.45515,22.222579999999997
16.10149,11.38547
25.9423,5.396589
13.96851,23.8073
1.0597729999999999,2.482886
11.198960000000001,27.34923
10.01848,12.379000000000001
-5.964017,14.30957
14.692720000000001,13.940270000000002
5.162226,-3.949188
16.13654,2.4912810000000003
-8.427487,17.28569
17.46026,23.52985
4.839787,2.035094
24.78075,8.787683
3.28531,-2.7043060000000003
1.317184,13.352889999999999
5.000647,13.50562
-2.902717,2.2402900000000003
12.86082,12.72926
6.369858,11.56653
5.9131599999999995,24.22981
-4.098757,-5.008349
-0.7625945,18.5798
15.58506,11.27319
5.403196,11.22043
-1.124667,31.28172
6.120589,10.168239999999999
6.07585,31.160290000000003
-8.399909,8.830895
36.17882,-22.1776
2.199297,12.84548
8.845364,21.62596
-14.18104,1.871214
34.640859999999996,11.64993
-0.7696695,8.42469
-6.12447,23.05465
-14.651420000000002,10.9695
11.58703,14.496579999999998
0.8204501000000001,10.62322
28.5049,10.303360000000001
-8.36784,4.386019
32.45148,7.488422999999999
6.733567999999999,18.12497
10.64451,16.76856
3.2193240000000003,19.57019
10.74578,27.00378
4.207717,2.8513580000000003
13.87413,13.78015
-10.31962,15.46054
11.65267,1.7431299999999998
25.78439,2.9618849999999997
12.487630000000001,18.15628
7.276056,14.082579999999998
9.188286,18.244870000000002
7.066136,17.03944
2.462034,7.644941999999999
12.100480000000001,15.32802
-0.531199,13.14534
10.19152,5.414251999999999
8.34839,17.09359
-7.409304,15.4642
15.994229999999998,13.51288
-6.608865,-0.9393074
13.86558,6.0940010000000004
24.64994,6.4942459999999995
20.51858,17.59508
11.26143,2.0136830000000003
5.034868,7.499159
1.19408,23.50754
13.19178,12.763630000000001
9.728273,11.807160000000001
13.9332,15.7472
18.43648,12.18253
12.607489999999999,32.6225
6.429051,1.972634
12.33216,-14.739579999999998
17.02514,8.819268
39.89024000000001,23.99687
20.98933,17.29635
11.65338,-5.657587
15.09138,25.02662
11.22707,-8.075130999999999
10.76558,-4.988425
3.9108680000000002,18.411929999999998
9.769555,15.26871
12.98944,5.868339
15.621129999999999,6.474136
10.133989999999999,-2.499796
1.2722799999999999,6.644602000000001
28.93972,2.331538
-10.505139999999999,20.750970000000002
0.2242924,22.1642
23.20978,11.40963
17.61025,1.9741650000000002
7.3795600000000015,-5.537147
10.101239999999999,5.6806550000000025
18.15361,9.892188
21.83601,26.09115
19.940910000000002,14.92146
-1.475135,8.28278
-7.943030999999999,-3.830219
11.30458,8.819061999999997
20.7643,6.118451
12.46828,7.275092999999999
16.64017,1.6723240000000001
-11.45466,7.741682000000001
7.891755,-8.190833
5.2950300000000015,24.11116
6.6950520000000004,20.8704
5.536268,15.65921
-1.7861470000000002,18.384710000000002
10.10925,19.378120000000006
12.364460000000001,25.654429999999998
24.26076,6.211672
-2.913374,-0.5345634
19.30486,14.99081
-7.134083,-5.31856
6.658128,-0.8207126
13.567789999999999,3.181591
9.165157,12.44468
16.576520000000002,19.44045
13.04035,25.82305
12.10189,-7.604383
3.820956,7.389069
10.48589,11.97492
15.89318,17.60414
4.465372,18.83929
6.583345,25.99912
-3.657566000000001,8.821053
9.940546000000001,-12.20743
28.13562,-7.671817999999999
7.3514630000000025,3.724133
25.14936,4.756451
-6.347524,11.70047
8.469816,1.8548259999999999
15.9227,21.054489999999998
13.162429999999999,22.88495
6.61163,7.602461999999999
14.55212,-1.466516
5.984364,2.7614509999999997
-2.9907470000000003,18.67975
10.47763,13.9604
15.70686,3.7114519999999995
31.102990000000002,3.897385
-0.2682848,14.073920000000001
15.771370000000001,3.525233
-4.961974,27.054190000000002
10.78593,2.022093
18.0671,31.1079
7.007197,16.15708
5.3245830000000005,16.398020000000002
25.69982000000001,3.056635
20.72,23.58926
2.0901509999999996,9.11213
14.571060000000001,-6.9908550000000025
15.511429999999999,-5.554229
25.34928,25.96264
-2.523716,6.6824179999999975
-0.24467060000000002,-0.7271909000000001
-3.7872269999999997,2.679385
4.1469190000000005,13.84954
3.6297870000000003,-4.12287
27.08326,19.22561
9.194675,18.3967
12.343119999999999,2.642345
7.808153999999999,4.437537
11.60988,7.2919990000000015
5.989497,8.107000000000001
4.259951999999998,9.585877
16.388460000000002,16.90853
5.5684569999999995,7.2605520000000014
22.8137,7.456842
14.048779999999999,15.9274
3.027084,7.603089999999999
18.73794,0.02478778
28.05616,31.567790000000002
-0.3963638,-3.104964
-1.199626,12.69042
0.7270734000000001,2.26189
27.091590000000004,15.82479
8.936564,4.499611
18.23345,15.64262
-0.42921800000000004,2.211029
15.6607,19.989720000000002
14.23374,15.76271
5.829822,10.34468
4.230915,1.7355209999999999
12.19179,15.03855
5.103175,3.64185
7.088660000000001,6.2657
0.01341287,14.39395
16.070510000000002,12.183710000000001
31.6029,8.55297
-14.947270000000001,16.5969
38.0434,2.1385919999999996
24.30645,7.067761
29.127679999999998,5.9111660000000015
2.734299,9.551941000000001
5.490974,15.109879999999999
25.769460000000002,3.324707
15.67774,28.04655
27.459509999999998,4.0046029999999995
6.71577,17.91905
4.453012,4.265516000000001
21.77856,12.285969999999999
12.709000000000001,12.25582
6.4600269999999975,2.503197
-8.207786,27.72911
9.914433,14.1201
14.485339999999999,4.178134
15.604379999999999,1.9431200000000002
-1.809368,9.6628
16.42695,-3.171427
6.0842529999999995,10.33377
8.627294000000001,-2.30743
14.28665,3.929615
-11.54532,-20.01888
5.575772,10.673739999999999
-2.537058,10.25853
20.090510000000002,9.33872
-8.85235,13.48051
4.209417,17.801070000000006
10.57944,13.80524
1.8646200000000002,11.39824
10.848519999999999,18.48534
-0.7703359000000001,24.88074
14.36989,10.3415
1.4894370000000001,-4.1963099999999995
26.44959,3.562471
-4.266789,3.653826
8.976836,18.40393
20.77485,13.18247
27.637140000000002,19.139110000000002
16.29336,8.550991999999999
16.87829,14.83276
16.82551,9.976617
5.165351,6.9856
50.97437,19.260070000000002
-0.1216837,14.117770000000002
-8.032164999999999,11.65195
-0.7711908000000001,9.478467
7.822278,4.63563
-2.542693,31.299459999999996
12.41543,10.056569999999999
10.44706,6.147121
10.027660000000001,15.330329999999998
15.528979999999999,5.2413989999999995
9.747575,11.99029
19.98159,14.5416
18.364320000000006,-4.5937800000000015
13.227210000000001,7.873434
-0.5568769,6.233604
7.476011,16.644470000000002
-2.541061,16.41452
14.304979999999999,11.84888
3.967357,20.72875
0.2271643,29.08483
11.57322,14.5351
2.318771,19.85869
1.7481419999999999,10.93859
17.782529999999994,4.558751999999999
-4.290225,4.425946
16.53104,4.671925
7.546088,10.278939999999999
13.152029999999998,8.540096
0.5304746,18.33461
21.35885,27.10033
-0.5274979999999999,17.29681
12.94586,12.23683
20.56008,-0.5277433000000001
0.369141,-4.90859
10.885810000000001,-2.084885
1.0478530000000001,14.6625
17.284689999999998,1.17794
8.224514,18.21265
18.79663,1.558912
2.294629,11.462639999999999
13.163820000000001,15.708060000000001
11.968739999999999,22.31844
18.1468,1.8365939999999998
6.30985,10.4237
12.49809,13.023430000000001
6.254294,28.356859999999998
20.57987,19.258470000000006
-0.675866,6.132365
-2.52902,29.848770000000002
2.531129,31.624390000000002
16.98884,14.579229999999999
2.599834,20.39453
6.326382,0.826507
13.8971,7.5057899999999975
-5.493487,19.43579
21.96003,24.61082
7.303667,2.841022
22.35765,1.493998
2.104918,5.705926
26.184620000000002,-9.626669999999999
20.807660000000002,10.34603
10.57028,34.39865
-7.880563,13.95659
6.534681,16.05914
6.421189,22.4082
2.5363290000000003,2.955975
17.029429999999998,29.768240000000002
-0.48623409999999995,12.23679
1.188364,8.102704
-3.906957,5.578883
5.441873,5.874897
18.66013,-4.470882
13.335139999999999,3.557717
24.12527,18.525470000000002
12.98691,17.43439
13.358770000000002,9.173119
13.41857,-0.07619125
5.2243559999999984,22.719929999999998
10.34212,16.27103
-0.36937040000000004,11.25666
12.91639,31.99353
0.9090181,24.91849
-1.4092719999999999,9.203924
-4.365977,16.916610000000002
10.25595,22.35262
12.436689999999999,10.237680000000001
-1.170456,15.72802
-6.2296010000000015,23.02026
9.663633,25.294179999999997
9.05127,12.58227
0.8767106,20.081310000000002
4.492934,16.617639999999998
15.53079,10.37215
0.789848,22.08501
15.882779999999999,10.7026
15.65385,1.855822
7.006049000000001,1.034778
18.06041,-0.4099859
19.50145,22.84672
14.34475,-0.5536328
6.584492,24.95815
0.7217060000000001,16.4536
8.034842,9.826132000000001
22.073179999999997,10.31959
8.208789999999999,16.102610000000002
-0.6540285,7.418589999999999
33.90343,3.274898
15.558320000000002,13.55292
7.387878,15.86786
5.051225,16.534370000000006
5.229687,18.39176
9.339953999999999,9.981995
14.02917,2.4193700000000002
3.084545,30.352929999999997
-9.022234,3.566726
8.187902000000001,10.07435
4.389926,10.11696
17.49107,9.631412
25.94192,6.535813
14.061029999999999,2.905847
4.658055,-5.7647650000000015
19.84404,19.12729
15.56143,9.62353
7.178256,14.85566
22.64227,4.8169699999999995
-7.8042880000000014,-1.111585
-5.118906,7.387376
6.152764,14.22517
8.551857,24.93599
3.134369,-6.6323669999999995
-1.164893,18.86306
48.1905,56.00666999999999
48.32863,76.0944
31.44145,62.66712
37.609159999999996,64.75492
52.68577,71.53609
48.723,83.29384
31.855179999999997,59.354380000000006
55.55334000000001,57.319559999999996
29.06337000000001,49.349920000000004
50.45302,78.01416
33.5429,51.27797
45.110859999999995,46.34557
43.73054000000001,67.13846
55.90229,44.41355
35.511359999999996,63.02239
36.66438,60.00176999999999
39.22292,42.76795
25.763579999999997,72.0769
42.31278,66.04035
46.66542000000001,58.45405
57.762209999999996,50.79996
53.64062,53.19439000000001
55.59307,72.58209000000002
34.6382,62.93818
68.81378000000001,49.40914
38.22668,55.082119999999996
42.41835,73.77797
44.42384000000001,52.0499
32.44594,52.46474
43.85302,49.00594
52.93561,51.52707
46.05927,70.18995
44.43309,58.9645
53.3247,66.99565
54.93488000000001,52.0303
44.00335,60.1725
38.54234,53.11563
26.89144000000001,60.17693000000001
27.227420000000002,47.074729999999995
24.60301,58.44653
45.18391,69.45772
35.58807,73.17408
28.12908,44.06283
39.83815,48.70388
40.05444,79.05227
54.45571999999999,49.344879999999996
58.990030000000004,59.51809
47.31255,47.80124
46.05767,70.08161
51.1862,60.57783000000001
58.01156999999999,62.877269999999996
31.051240000000004,61.88555
32.63545,43.24568
59.219069999999995,75.16453
40.6654,81.79757
35.82676,67.83398000000001
49.35519,75.29319
57.813019999999995,55.61863
36.07083,51.26997
33.88886,48.83694000000001
38.753009999999996,68.91596
44.30184000000001,53.37654000000001
43.40867,62.64091
36.25078,46.248870000000004
35.66046,40.16179
44.1886,74.18132
42.35297,68.86938
59.72761,71.64868
41.7742,74.69192
39.48583,58.30031999999999
46.18587,49.02519
32.8916,50.17133
31.03531,72.2532
47.2611,67.1427
43.63065,63.04766
43.20379000000001,57.58694000000001
34.45682,54.82336
36.08501,68.00059
55.93224,63.07734
30.01013,67.8034
40.174440000000004,50.23319
40.51248,61.16069
44.84228,59.17143000000001
44.958259999999996,65.09772
49.34734,52.56688000000001
24.18327,63.48712
41.57294,48.41452
36.97141,65.02328
39.83944,49.224759999999996
39.427640000000004,46.07249
33.85577,58.8609
32.444520000000004,46.98045
35.12357,78.56973
36.991859999999996,63.62753000000001
44.04283,69.94757
47.664770000000004,59.804069999999996
46.3599,59.65951999999999
71.56260999999998,53.91534
28.928690000000003,46.33052
47.19929000000001,41.39569
48.15507,83.98581
48.4477,54.651740000000004
35.18339,68.19836
52.26128,50.64056
35.77592,62.37214
43.37792,60.65264000000001
40.40879,53.21294
46.391259999999996,64.80001999999999
61.87996,62.7935
18.99094,54.794619999999995
35.54591,64.34436
50.375479999999996,68.05591
54.546730000000004,60.98913
44.13707,53.407059999999994
45.55372,70.63025
45.68042,41.9937
55.04569,48.46728
37.813829999999996,42.245329999999996
33.56491,78.10993
19.2699,67.18515
37.28481,37.79198
39.77556,44.83249
35.46314,70.30631
40.414390000000004,65.25805
26.7135,60.60958
40.50345,57.22231
29.83138,55.35326
40.04233,60.386919999999996
40.95189,51.6069
51.68887,52.471759999999996
24.69499,50.50501
62.78684000000001,55.41728000000001
21.08624,48.07032
22.0205,45.01294
41.011359999999996,45.20848
41.47629000000001,49.69875
43.15526,69.96186999999999
29.06922,31.398120000000002
33.97264000000001,58.3128
35.58473,46.376670000000004
31.521459999999998,61.449909999999996
38.50949,54.9348
48.51959,45.1665
51.80655,48.92263
59.93333000000001,41.36604000000001
37.52437000000001,65.41436
41.38512,58.3734
59.89985,45.3802
46.32288,49.542359999999995
45.69158,60.92593000000001
36.795159999999996,78.20391
30.708709999999996,70.33036
51.97064,80.70323
50.470909999999996,64.8867
52.55752,66.85835
38.0208,75.94703
47.818329999999996,58.65439
45.85127,67.85252
51.34424,68.26302
37.33317,67.98246999999999
45.61133,63.20619
31.507640000000002,65.71172
28.51895,73.79701
50.74807,53.57638000000001
39.537009999999995,69.93831999999999
49.56372,68.6858
57.41644,42.79595
35.55559,58.523469999999996
42.96314,37.97548
41.98642,55.80981
32.55532,46.44257
32.345279999999995,60.57506
24.44857,51.36618
39.53357000000001,64.53081999999999
28.809829999999998,55.80426
39.83018,55.04155
39.42011,44.53216
42.75812,66.42826
23.17606,56.86704
25.55901,68.7241
18.264029999999998,40.023270000000004
30.70777,63.310140000000004
49.43437,79.62605
41.15351,60.28376
36.17541,65.56798
44.08116,51.84447
43.27453,68.85571
49.39423,60.62898000000001
50.53357000000001,46.03307
42.952690000000004,71.277
30.574040000000004,76.27772
35.20991,69.40798000000001
39.5469,58.25396
40.54202,68.29326
42.14727,63.224
39.30898,55.78019000000001
50.05859,57.093419999999995
43.67538,63.21723000000001
39.79353,43.73809
43.44539,50.19695
41.678129999999996,55.28961999999999
48.593999999999994,69.64589000000001
38.46082,61.08416
53.26524000000001,63.82018000000001
49.0517,66.49995
39.317370000000004,67.48604
41.246179999999995,49.47654
37.88715,59.91647
41.14622,63.44699
32.521640000000005,73.23534000000002
41.10812,44.68184
25.34895,55.25141
41.9661,60.38896
40.65187,61.11229
31.38396,66.525
59.78578,38.49133
31.3399,63.09048000000001
40.92554000000001,60.437709999999996
29.67727,66.38073
32.59683,33.867090000000005
20.88727,56.18753
37.8447,51.01321
40.57783,69.06488
59.67326,74.55561999999998
36.6854,50.43604000000001
45.94,57.68176
64.98144,79.71206
36.983309999999996,65.35463
45.67468,55.15185
37.51643,49.06353
51.32067,56.63374
46.13968,46.26812
46.3057,50.07933
58.784819999999996,35.37284000000001
24.40643,58.87376
42.22782,61.23968000000001
19.336370000000002,69.78316
39.095009999999995,60.00454000000001
31.54544000000001,56.185559999999995
46.810520000000004,51.33483
37.314170000000004,60.64799
35.31276,64.61462
47.033970000000004,66.32737
43.200509999999994,64.01385
57.78369,73.30975
51.95346,50.6932
37.04092,60.51894
33.26079,75.71045
45.94416,71.49937
35.73385,46.9001
40.76379,67.68751
35.145540000000004,65.5663
35.66175,56.80016
28.88317,43.268029999999996
31.27264000000001,66.3293
34.13748,60.96088
47.33729,68.169
31.188159999999996,78.43963000000002
37.92156,63.1141
53.294,55.50261999999999
61.38426,59.91205
43.75808,67.45812
38.926320000000004,43.12086
30.63075,79.46695
28.52392,59.14458000000001
34.3243,60.94347
24.5469,64.80247
36.00817,46.68387
21.605829999999997,46.62644
44.03259,64.42778
33.99769000000001,56.55145
43.60366,61.25346
46.92525,54.086890000000004
50.50127,60.62361
53.49198000000001,41.07875
42.67635,55.93246
27.994220000000002,53.68188000000001
39.43207,57.01566
26.773659999999996,63.055
42.40971,49.95729
36.22691,57.21221
38.46163,67.33074
43.78143,65.92309
32.78291,73.01238000000002
34.33231,60.31763
38.62762,57.39558
40.80154,39.943659999999994
34.4872,50.56793
37.28235,51.46425
36.29004000000001,72.62875
27.32446,51.975359999999995
43.01795,72.62218
30.62136,49.73988
51.54357,37.5978
54.47479000000001,52.03507000000001
46.6837,76.38964
36.40191,55.50854
32.79919,57.241319999999995
63.01716999999999,51.677859999999995
30.48439,39.33047
36.6763,87.27119
18.94383,59.33327
43.45898,51.92991
37.480090000000004,68.55787
45.79938,71.73394
39.69381,58.778969999999994
43.60521,51.59496
49.18213,66.20721
25.83677,47.102740000000004
30.90342,53.13581
40.20493,60.96742
46.984629999999996,52.612809999999996
39.37106,46.29081
40.281,59.035830000000004
40.44173,47.78119
37.66053,59.73406
38.110459999999996,44.89672
48.2845,41.49009
49.2973,63.16118
22.48131,74.58899
52.90003000000001,58.66274
39.1711,60.65303
46.23943,65.03093
38.69597,84.08148
40.79527,49.7543
42.84691,57.79911
65.71859,53.45975
32.24807,67.18961999999999
37.50528,72.15233
46.196259999999995,63.37228
46.939009999999996,50.99902
30.82879,59.55766
53.35965,52.76179000000001
48.15439,68.73671999999999
33.211659999999995,38.87962
29.920479999999998,77.03939
37.6465,56.99416
35.9354,77.82079
47.700359999999996,64.47489
25.77065,62.45383
41.92523,57.7624
34.45473,60.32253000000001
30.77576,52.58115
26.143639999999998,66.58151
47.21836,51.68076
55.78841,57.978790000000004
43.2989,56.97968
40.87212,27.316159999999996
49.88417000000001,32.45283
20.55912,57.01987
25.06116,44.75805
26.01595,55.764109999999995
37.25416,65.31094
53.36999,53.56238000000001
38.84896,56.97574
39.51915,61.65769
37.02022,69.50709
50.74908,56.244769999999995
35.7051,58.495619999999995
44.44394000000001,67.48245
54.81738000000001,61.413059999999994
45.88216,63.423759999999994
39.53611,65.04189000000001
44.80203,50.211859999999994
29.917709999999996,71.56390999999998
25.37846,64.61015
41.21589,64.27741999999999
51.48426,68.01100000000001
59.85225,60.61618000000001
51.70456,47.81819
47.91999000000001,46.15824
41.99199,65.34492
53.38919,71.59792
50.136540000000004,58.47133
43.558859999999996,50.078109999999995
44.488209999999995,73.62916
27.92514000000001,67.88335
36.57076,72.47041999999998
35.29817,65.07594
51.4997,63.69956
49.04667,65.28074000000001
38.21852,56.447990000000004
35.58804,44.72433
27.653409999999997,61.1188
41.22976,53.65146
32.00885,46.29029
46.49651,55.931869999999996
25.12809,45.545609999999996
31.50795,35.048320000000004
32.441,70.15026
50.46987,56.496269999999996
53.02414,48.18963
46.28482,64.75075
21.90914,60.495580000000004
38.16132,56.99729
32.70623,53.865080000000006
30.58785,74.07853
42.87658,64.60489
41.16918,50.85736
40.4065,56.96268000000001
27.98043,54.99941
39.86144,65.40418000000001
44.06916,58.017869999999995
41.273579999999995,47.032709999999994
29.505359999999996,50.076370000000004
42.72526,52.06594000000001
55.889990000000004,57.75395
43.437290000000004,45.53989
45.215920000000004,56.23551
21.46886,50.97331
40.8175,63.635040000000004
34.897240000000004,64.74254
38.82377,54.30611999999999
39.812529999999995,61.8196
42.25532000000001,62.65005
44.36548,49.87988
31.58178,55.53971
35.251329999999996,53.15156999999999
50.77632,74.22147
46.64062,37.81122
50.71756,53.06595
49.07775,59.12901
26.63234000000001,64.19726999999999
48.79625,38.62079
22.20029,73.11573
44.41,53.04649000000001
63.88825,48.97889
33.57092,63.84941
44.85232,62.17386
43.81482000000001,57.73569000000001
32.16317,58.71496
34.76834,55.57443000000001
27.02004,60.166869999999996
36.84926,46.012209999999996
36.16788,68.04738
54.34972,51.9426
47.11679,77.18788
57.4229,32.305
52.18029,65.10573000000001
51.85909,67.51661
49.03182,60.34069
45.43005,59.77699000000001
33.160070000000005,67.7972
28.07412,60.4441
37.39232,60.045880000000004
41.7159,54.8672
32.7979,73.65913
48.73786,49.54446
55.61709000000001,57.06916
26.59618,54.89858
42.08567,40.12172
52.21176,52.75539000000001
36.55513,62.319430000000004
31.438109999999998,50.333729999999996
40.87347000000001,69.90448
25.97094,68.05601999999999
35.18777,47.83521
30.723229999999997,53.49924
41.993140000000004,50.87471
30.88503,59.035419999999995
55.63384,51.22741
37.70752,54.48603000000001
27.17879000000001,73.22714
55.74353000000001,35.896029999999996
25.66439,58.535619999999994
17.00957,68.39095999999999
43.95091,61.0425
38.8072,53.42418000000001
40.30421,55.30517
39.78672,57.06535
63.90414000000001,56.32496
48.88094,67.82444
58.40254,79.28048000000003
39.707209999999996,64.78928
47.59079000000001,51.5511
44.84636,52.34264
21.27829,50.89752
56.59843000000001,65.83452
37.48017,57.397040000000004
49.15954,46.12192
37.66307000000001,57.0688
41.861259999999994,63.41366
51.73052,66.6951
47.64847,58.08665
35.17402,56.00186
45.44158,84.85019
63.14872,70.52519000000002
42.085570000000004,54.22346999999999
46.01514,58.37922
42.11817,66.59673000000001
26.510540000000002,64.8716
28.67938,67.39531
29.987579999999998,56.67641
23.97532,53.69432
54.47663000000001,68.48246999999999
25.66849,56.62031999999999
36.40398,63.52458000000001
37.76594,48.95203
44.496759999999995,53.933840000000004
41.212540000000004,67.43937
14.469489999999999,62.26729
26.006320000000002,58.30301
47.84569000000001,51.46759
44.96501,81.81427
52.122859999999996,65.78259
34.2726,65.021
36.36313,63.94629000000001
20.330370000000002,62.20769
58.24481,54.45848
28.1422,76.06569
40.83747,60.211980000000004
29.580270000000002,51.326159999999994
41.687490000000004,56.74836
19.3453,49.81644
39.10978,59.98583000000001
30.060109999999998,59.57409000000001
30.11872,48.14224
26.80173,69.78267
41.4497,56.78115
39.84126,49.97964
59.78358000000001,61.26106
45.44818,64.82023000000001
58.4162,58.58034
36.46915,65.33484
47.39338,54.896190000000004
55.97659,75.71833000000002
25.907329999999998,51.43085
56.32167,55.584309999999995
59.47724,54.72548000000001
36.049459999999996,34.22141
34.61991,75.20385
40.56393,60.7759
23.05746,43.83699
49.64375,49.0249
22.87106,59.36683000000001
41.120259999999995,55.79939
55.2759,52.32505
45.41858,69.30771
42.589690000000004,48.273740000000004
59.78563000000001,54.97828000000001
46.41741,52.72119
13.429479999999998,57.035619999999994
50.9471,56.93176
46.0973,47.2256
34.89751,71.07395
26.31495,49.99565
30.89327,79.22578
43.23482,46.73741
44.94405,50.6335
45.22232,80.58161
7.8264190000000005,39.47855
33.076190000000004,72.86371
52.04657,62.56454
41.67568,60.359359999999995
55.847559999999994,67.5848
36.04547,49.41498
36.28569,60.10168
45.728559999999995,50.07189
39.05539,54.94165
20.2726,48.62656
27.33974000000001,51.36997
46.134679999999996,55.69144
44.96999,65.99128
46.390570000000004,67.48663
47.08233,60.20998
36.539390000000004,60.509859999999996
38.75325,61.35403
42.64909,57.29917
23.09582,70.34206
42.44851,44.21829
33.49563,71.32774
47.07288,55.7378
24.9612,53.32379
45.48775,65.85651
59.203559999999996,68.74465
44.00992,50.52786
43.68642,83.65863
41.87053,51.922259999999994
43.72969000000001,46.00091
38.52629,76.75724
53.42536,73.632
39.33739,51.29871
36.66598,51.51536
41.96913,61.30644
35.251979999999996,60.78493
33.56147,59.854319999999994
33.07125,49.41556
48.44303,51.90851
40.75025,68.0989
50.35784,54.57351
44.57279000000001,78.77866999999998
24.52693,68.57829
54.20255,63.618359999999996
41.30357,66.8662
37.413740000000004,71.92524
26.862040000000004,55.37459000000001
39.55137,43.2294
47.00566,53.659330000000004
38.12361,57.12999
37.52485,80.64694
39.20578,62.21249
52.36179,58.99351
45.0324,47.69177
40.86912,38.84561
48.08253,68.39591999999999
54.8749,66.84655
24.572689999999998,71.18354000000002
35.00761,57.033
43.44146,65.25961
43.162209999999995,47.03518
34.24286,62.92888000000001
43.58324,56.57035
36.35557,67.91736999999999
35.1833,55.002280000000006
44.51795,68.3382
54.39144,37.30894
45.86727,87.3137
39.09084,66.78102
27.79925,58.74916999999999
33.06475,78.47807
23.54635,55.198409999999996
43.46392,64.71713000000001
35.42679000000001,54.08204
34.19314,71.58672
10.8867,68.44097
56.59104,64.01100000000001
47.3817,56.873569999999994
38.49504,60.46255
52.51262,67.06044
44.5458,57.88389
44.03849,53.62613
36.41589000000001,56.97656
50.31431,61.405269999999994
30.72297,53.84721999999999
29.877609999999997,61.216359999999995
59.268159999999995,69.29843000000001
35.04088,61.202819999999996
44.87322,43.20948
29.24664000000001,51.7367
50.04572,53.45699000000001
47.97724,69.38969
29.6133,70.91985
30.89345,61.36776
31.74421,58.71527
36.60416,56.83749
47.78417,53.40695
23.22726,57.4777
51.37993,65.01276
31.36008,63.86529
46.77678,65.41521999999999
44.1524,46.765809999999995
41.43843,54.11403000000001
53.779419999999995,55.54833000000001
33.7694,79.58606999999998
35.79716,55.520559999999996
30.538429999999998,72.95658
46.22857,34.535509999999995
39.67892,62.874990000000004
36.81919,52.387029999999996
34.27178,48.92915
42.32842,63.12152
46.33527,63.28706999999999
53.53398000000001,51.14082
40.61128,50.21093
50.62107,40.45209000000001
36.47783,78.33963
52.389829999999996,64.53774
30.01806,75.31725
39.00967,50.87296
22.71875,67.99089000000001
61.24,65.89064
39.18396,65.65822
44.69035,57.93645
58.0471,69.76289
51.25563,61.33045
46.921240000000004,83.3785
46.25302,66.06521
52.40546,66.73065
40.28902,53.288909999999994
44.73831,63.29274
43.15397,65.65951
44.85846,77.73084
42.86439,67.90505
56.252759999999995,58.54541
51.62415,67.15460999999999
44.7667,61.48524000000001
48.91067,66.60661
20.23477,59.03073000000001
18.984270000000002,70.79776
16.33768,68.84142
49.40031,47.88199
41.66533,67.50779
59.2293,74.68412
58.473259999999996,53.63286
62.36666999999999,50.95881
21.85536,54.86045
40.38865,61.31855
40.74187,47.65873
58.00854,42.82972
45.35452,41.83214
66.66133,50.6532
33.77558,62.475069999999995
48.09134,64.89226
40.08256,51.44899
29.58933,58.19596
43.58031,65.94927
53.30803,36.98284
28.871370000000002,51.90188
56.40753,62.59392
29.47485,32.19725
33.29645,67.43765
38.72936,56.59565
32.29439,53.9696
32.41527,48.44307
45.762809999999995,64.38473
33.8258,59.168240000000004
22.67527,54.223859999999995
13.199420000000002,60.1388
29.50579,55.28771
45.70325,56.31371
43.70217,61.486000000000004
29.53128,66.01217
34.58708,54.27694
51.84493,61.97
46.43159,55.3816
47.37223,63.45379000000001
28.528209999999998,68.99037
53.743140000000004,61.20763
29.915809999999997,63.06654
51.85804,68.08115
24.65317000000001,60.97069000000001
45.076609999999995,64.13075
34.09175,59.97359
49.695640000000004,67.62843000000001
43.0814,55.202819999999996
36.45465,50.92306
45.95494,50.09121
34.863040000000005,61.43269
31.35199,65.54097
28.85687,70.20236
38.01644,45.00452
39.33137,61.019909999999996
45.43656,53.363080000000004
21.14175,39.8683
52.64809,71.72782
36.581379999999996,39.92153
36.921929999999996,64.58077
17.71107,64.94933
43.15869,54.23448000000001
47.18889,60.86159
43.734140000000004,62.9692
46.89299000000001,65.56661
42.87272,43.29337
40.53452,61.72891
48.3142,54.04765
38.05576,45.26198
22.1779,68.1016
56.94226999999999,86.55324
34.75308,55.7262
33.97889,52.78297
40.91016,65.19449
33.7199,57.27735
49.14691,64.16595
48.61678,65.28603000000001
28.118570000000002,45.330890000000004
20.4317,51.46033
50.93737,74.1835
22.29103,75.65685
43.51035,58.554019999999994
60.11131999999999,58.98568
61.21623,69.80801
48.336220000000004,41.196020000000004
33.39445,65.82391
29.345209999999998,59.855880000000006
54.38664,80.36837
34.7127,57.47011
40.338809999999995,57.22665
62.241659999999996,51.57828
40.15035,56.58465
38.71685,70.14773000000001
39.126329999999996,60.63593
51.69781,63.27919
25.687910000000002,40.27335
47.94294,43.087920000000004
67.88265,60.984030000000004
26.55077,50.80384
46.294259999999994,47.39325
31.52882,62.19854
57.78245,63.38965
38.04019,67.43048
37.7145,51.81503
62.576919999999994,60.83238000000001
28.86001,51.2246
41.62214,58.10787
23.749670000000002,67.99766
46.85755,54.24618
37.5762,62.86578000000001
56.43054,64.46651999999999
23.42326,62.49845
44.27762,57.30138
40.886540000000004,73.0129
35.14983,69.20756
24.17791,55.47302
41.70554,59.55818000000001
36.332609999999995,42.50658
39.01491,47.29492
44.819829999999996,67.23057
40.07327,53.91739000000001
30.90242000000001,79.43701999999998
36.81031,51.52639
43.03812,57.54671
32.79469,64.19816
37.48284,63.44551
45.29159,76.73057
35.24219,55.9317
38.39624,63.384119999999996
34.79193,55.69379
48.43391,46.13215
59.01439,65.74738
35.53230999999999,63.11478
40.90201,74.3216
41.53148,42.03367
35.52626,83.71515
27.84255,60.091
43.60266,62.19615
24.29746,62.7834
30.38543,52.90134000000001
52.67648000000001,32.67734
36.9756,68.24067
37.8756,68.28506
48.75739,53.39937
56.86054,59.49221
57.58251,67.85455
42.30235,54.44661
56.72005,71.69892
34.09218,56.2818
47.25593,56.96026
23.48291,54.36535
23.12866,65.25963
51.5916,62.71912
20.53896,47.69149
51.81452,52.07644000000001
48.44256,51.18517
62.44255,45.78976
17.27593,60.46275
53.77579,65.79630999999999
37.08417,63.94993
47.97955,55.61669000000001
35.22937,74.55077
26.42555,55.0765
40.20962,64.5191
58.95403,59.6799
17.213810000000002,69.54397
32.95241,52.18707
59.68467,40.53054
30.58042,63.08006999999999
48.74949,70.51133
50.65636,59.32031
40.4251,50.73494
45.28402,51.53691
34.34718,47.58747
38.59024,51.33721
40.719609999999996,74.12315
40.379129999999996,50.36806
47.26266,70.09016
34.55216,56.49265
42.125,66.37105
56.819069999999996,44.97096
53.69396999999999,66.83374
45.11847,74.85613000000002
27.42444,66.70893000000001
11.50407,56.95046
49.0322,62.76543
23.485020000000002,75.85309000000002
50.98872,71.68141
27.57767,62.33503
47.66222,65.10868
45.13893,67.17903000000001
45.78568,69.31007
47.92223,65.00936
48.03205,47.785709999999995
43.65009000000001,56.48259
28.54301,59.48517
48.14451,60.26351
30.734579999999998,53.41976
41.65806,72.97176999999998
47.42073,72.11551
54.31567,51.07155
37.98036,67.0989
58.329969999999996,63.25209
43.19876,60.36071999999999
28.113090000000003,72.51996
37.01089,69.21339
32.97436,69.77639
34.20864,61.298869999999994
31.93696,62.87588
30.94324000000001,70.95922
43.49319000000001,59.84101
27.81164,72.67459000000002
32.15255,42.51905
51.29612,79.81878
38.0315,54.71503000000001
29.27812,62.24455
44.404109999999996,68.84855
23.34787,61.94084
49.36656,64.14016
17.60005,69.14876
30.853409999999997,54.0978
44.90497,63.7959
57.365869999999994,58.50857
49.0943,69.75703
26.6611,68.32285
40.70467,53.430719999999994
28.550859999999997,56.30226
36.25912,59.3196
48.98826,66.10667
33.26312,69.86829
32.02353,58.18483000000001
27.304240000000004,55.4792
51.44975,71.13834
59.81329,47.9164
51.14651,60.19600000000001
61.69583000000001,47.11762
36.56804,68.23382
40.64832,66.75034000000001
45.86368,68.31128000000001
44.60644,60.16793000000001
35.88663,49.38532
57.682790000000004,60.16859
51.6255,49.496829999999996
42.5861,62.545030000000004
46.0202,56.69676
46.45453,58.70955
38.30502,49.6469
48.84556,65.31183
30.15666,63.67134
38.53791,56.766659999999995
23.9704,68.72659
50.02861,63.9783
45.18616,61.15616
43.501999999999995,73.08999
44.7494,43.9657
60.560759999999995,43.47697
51.115809999999996,80.65344
35.88928,62.03462
32.33509,52.6811
49.07877,68.18728
50.33895,64.57106
49.26652,79.60231
18.55579,68.16774000000001
41.00905,45.10266
28.00344,61.47371
18.14624,60.1302
53.95843000000001,68.46303
52.5372,68.16769000000001
38.93926,62.98392
29.05058,62.4427
41.75223,64.63294
37.647909999999996,47.91551
48.79252,64.57806
51.77635,55.95868000000001
27.10765,58.84145
38.6845,49.5615
44.48639,56.53763000000001
23.60541,43.46694
38.7037,61.0992
43.00739,55.95437
51.56791,63.639430000000004
25.26915,63.87523
42.56982,67.66801
38.08915,64.5408
34.78496,45.51393
35.88933,55.3666
47.22242,66.03583
51.96253,51.7511
40.78976,59.28554000000001
41.27407,67.80852
44.66972,69.17705
39.15088,54.56051
29.16955,64.9487
31.77423,66.87607
53.4651,62.77485
40.410470000000004,72.14114000000002
42.61213,59.063759999999995
39.57467000000001,62.27438000000001
54.50277,49.35228
57.917669999999994,56.73445
45.64944000000001,53.13589
21.88918,49.30231
51.044940000000004,68.31933000000001
42.097159999999995,72.15952
43.04227,53.48631999999999
47.14463,56.0835
45.62461,77.81975
55.20789,58.71653000000001
36.051809999999996,53.08629000000001
43.739979999999996,58.943369999999994
34.23256,65.07769
20.95196,74.2487
32.883140000000004,79.69149
38.36533,59.0739
44.56165,52.40328
39.33794,70.14443
49.1245,67.76719
22.915670000000002,56.117709999999995
45.63892,47.58675
42.75653,63.07043
46.39609,68.40751
46.887029999999996,66.433
54.88489000000001,75.612
34.0548,57.12219
37.38898,62.3226
48.23034000000001,62.03111
54.79646999999999,59.397240000000004
59.52773000000001,50.58208
50.2512,67.96679
46.22677,54.53655
48.98464,58.146209999999996
45.093920000000004,64.88113
44.77223,44.4438
34.00083,59.089569999999995
28.31505,36.30374000000001
53.05011,67.34682
25.10745,42.70245
46.08558,61.97675
50.62893,45.19788
46.68802,47.420629999999996
43.073859999999996,77.93637
36.70228,53.66054000000001
11.47373,68.61527
42.080870000000004,66.43765
37.96224,52.46353000000001
28.30779,70.53446
59.18555,62.19979
43.39802,63.35423
37.68739,55.333059999999996
48.85135,64.6936
42.29553,61.3545
53.10208000000001,61.651830000000004
44.187059999999995,56.29505
47.34497,61.47756999999999
34.5298,67.07189
22.82447,57.02137
48.27827,53.97093
45.27673,52.04495
44.17967,64.35678
33.85752,60.59858000000001
29.57068,55.91483
43.5061,62.07275
26.33832,73.38955
13.772079999999999,64.03381
37.39434,60.17785
25.09434,55.0823
41.919909999999994,45.2935
54.314780000000006,53.6106
42.18649,61.341590000000004
47.740559999999995,60.98222
38.6671,54.8464
34.33136,63.668659999999996
45.496759999999995,46.21109000000001
48.64805,50.69878
59.7194,53.672380000000004
48.14389,64.17408
55.169219999999996,76.47846
51.50727,65.82463
42.69824000000001,71.33099
52.7367,66.52017
44.49347,44.03264
42.79715,51.570609999999995
50.60694,52.83994000000001
37.5125,68.15924
46.738440000000004,65.58825
30.74257,54.61626999999999
52.50878,63.62914
18.06539,67.96441
36.220659999999995,49.6668
26.8746,69.52796
46.44655,53.950269999999996
37.5481,59.69554
26.17275,73.02736
42.92903,70.03363
36.25652,64.53602
32.719390000000004,57.83974
45.615990000000004,61.58367
39.26789,57.98376
34.55469,66.68845
36.45908,70.13852
41.83166,77.96375
25.838179999999998,63.53773
27.9007,58.79853000000001
41.00502,68.62589
34.09975,75.41776999999998
29.146620000000002,51.121359999999996
41.39825,53.92034
54.13261,51.89971
36.2243,62.59828
29.95055,56.407219999999995
46.80503,70.14497
41.968309999999995,67.27118
12.71827,62.29628
44.39297,59.58195
24.46523,63.57868000000001
29.6177,59.74445
21.74248,50.45285
29.355079999999997,70.05808
27.226440000000004,75.18531999999998
51.79697,61.69157
44.620259999999995,47.410059999999994
34.06684,52.82305
43.62076,50.27394
42.41596,68.93131
49.61633,54.8229
33.73294,67.42624
55.723859999999995,76.51932
27.83457000000001,62.72257
49.89798,51.15889
60.58085,69.45195
56.16206999999999,70.20759
51.31114,74.59144
40.39541,54.17054
52.452259999999995,55.429880000000004
45.69188,51.24299
45.85658,65.63105
55.69338000000001,65.96500999999999
36.04146,62.1499
28.33257,70.274
41.79587,77.08113
38.549859999999995,81.29446999999998
40.67175,54.77458000000001
38.670759999999994,67.80664
35.75459,52.148070000000004
47.64047,62.95349
44.38814,50.86422
55.070919999999994,45.49946
47.48012,58.80583000000001
40.05356,72.84874
41.29422,67.83528000000001
36.53526,78.04978
23.52244,51.33826
42.98621,55.51208000000001
25.60867,47.51016
31.30385,71.48902
54.79936,68.69215
33.320640000000004,69.45271
42.24906,47.52644
29.504,48.87712
31.42953,52.802369999999996
51.66205,57.32731999999999
38.16498,53.45429
44.65573,61.14825
68.77616,-23.90883
56.22534,-5.294665
84.62974,-8.592495
95.91765,-17.08491
66.93266,-3.231932
68.5361,-26.18595
76.53591,-3.304326
76.23439,-11.4189
54.16949,-19.011229999999998
72.58261999999998,-16.83923
81.56219,-1.6943830000000002
67.99164,-17.64808
64.71255,-14.86299
70.76205,-13.4053
80.15953,-1.895146
64.54890999999999,-1.1883700000000001
72.76769,-1.9139540000000002
79.9837,-20.64003
79.13871,3.93355
44.28213,1.785785
64.1403,-9.613207000000001
59.169259999999994,13.10082
81.54203000000003,8.749848
74.12215,-22.669610000000002
69.51984,-12.94162
80.76501999999998,-7.2388710000000005
54.98248,-5.827399
63.85516,-1.502977
70.24579,-22.480829999999997
64.31788,-12.37871
86.6356,-20.3488
84.94551,-11.81974
84.22009,0.2136558
64.29858,-7.7486380000000015
78.10973,-14.831339999999999
75.86112,-11.63541
90.31363,-6.734307
62.72575,-18.50824
75.54213,-4.170342
65.45658,-10.579939999999999
61.91086,-20.552870000000002
59.13503000000001,-18.54382
60.52482,4.0029580000000005
80.68502,-10.625639999999999
66.77925,-6.613982000000001
66.15932,-12.41949
66.32986,-0.9856625
63.90113,-8.54786
82.86773000000002,-7.530378
85.21556,-24.698710000000002
67.60797,6.669538
66.35771,-24.43254
65.34889,-16.15385
95.9356,-13.87495
55.301219999999994,-3.164437
53.70588000000001,-22.06458
58.04943000000001,-2.860465
75.83075,-11.85008
61.31218000000001,-19.0784
77.7234,-2.8773459999999997
85.97015999999998,-17.81126
68.26375999999999,-19.15556
77.10473,-19.015279999999997
78.19131999999998,-8.509058
65.10429,-3.4356199999999997
79.52807,-27.63379
75.18258,-6.52501
73.22818000000002,-3.601662
67.87865,6.6700399999999975
67.49999,-3.656658
68.73451,-14.8505
68.80344000000001,0.2036219
70.23388,-1.111902
74.11479,-7.362882000000001
52.946619999999996,-26.11158
61.4234,4.10658
75.64492,-27.29068
70.19157,-15.426739999999999
57.021359999999994,-28.379559999999998
62.74637,-13.187999999999999
65.85207,-20.20264
74.1682,-9.089777
69.75043000000001,-0.3842613
57.04818,-16.48449
78.25997,-7.99833
63.72304000000001,-24.23505
64.25357,-12.80524
60.51129,-0.3604612
64.83588,-2.828358
64.00904,-28.74335
84.36928,1.672451
65.89381999999999,-9.091981
66.97235,-19.932470000000002
84.08383,6.8520119999999975
68.23765,2.762476
72.25073,-17.15958
55.234719999999996,3.7892660000000014
75.93697,-4.40856
68.67339,-4.801611
56.01145,-17.8486
77.52585,-15.70033
88.95076999999998,-19.44843
61.68006999999999,8.509057
94.70014,-6.385033
66.70215,-29.732640000000004
77.82463,-10.06171
87.91064,-30.96477
61.9166,-8.827060000000003
80.87708,-0.7162395
80.89673,-23.389860000000002
66.70298000000001,4.8035120000000004
63.19015,-20.61243
76.81371999999998,-26.90243
65.06876,4.386009
95.32207,-16.98335
57.72156999999999,-15.60494
55.37355,0.15829129999999994
69.38056999999999,-12.99076
67.81506,-4.811255
76.97593,-8.36036
77.27475,4.903346
83.35947,-22.26367
61.09789,-14.29766
65.82687,-19.21419
74.95858,-4.134062
62.606869999999994,13.20539
51.71922,-0.1788583
74.93252,-0.5864232
79.38506,-19.2217
75.77722,-26.50406
58.46341999999999,-15.13272
75.47081,-22.60266
44.914390000000004,-5.197128
68.68961,12.47448
61.03369,0.7950335999999999
58.83893000000001,-2.2764349999999998
82.02278000000003,-8.854353999999997
70.77445999999998,-12.752989999999999
79.77535999999998,-28.66915
74.93503,-3.3277699999999997
72.12925,-12.27785
80.84456999999998,-2.636685
57.63159,-1.221671
80.52416,6.845383
63.2352,-24.72682
82.18422,-29.512190000000004
97.35694000000001,-2.163071
60.78475,-31.039820000000002
70.74291,-22.159979999999997
74.0169,14.51656
66.91939,-12.24789
76.09503000000002,4.343312999999998
81.78097,-8.727155999999999
80.09553000000002,-4.232298
73.32889,1.538375
62.58947,4.468431
67.35439000000001,-16.61995
86.32658,-14.45837
71.04987,-2.6832439999999997
83.78761999999998,26.497329999999998
74.85746999999998,-5.0595050000000015
77.72216,6.0935239999999995
68.97789,-4.123292
59.17706999999999,-14.73758
50.49705,-17.90728
80.156,6.28412
73.31786,-9.305126
59.611959999999996,-4.4250680000000004
68.88152,-9.893832000000002
88.66383,-7.9094380000000015
54.228469999999994,-16.32238
71.32836,2.896152
77.83041999999998,-5.410922
72.29527,-1.6438080000000002
60.877219999999994,-22.1124
90.33483000000001,-5.948239
74.31378000000002,-20.850820000000002
73.68491999999998,-4.392175
67.73080999999999,-18.78214
70.87401,-13.91332
58.89813,-1.2636290000000001
61.02101999999999,-13.007589999999999
63.88495,4.276434
60.26458,0.7716272
70.30639000000001,-11.66815
73.19178000000002,-4.823114
58.26951,-13.581539999999999
73.82600000000002,-5.296698999999999
76.70215999999998,-7.703344
69.07478,2.6927380000000003
55.761269999999996,-27.63965
84.63778,0.841825
74.96148000000002,11.91875
57.6636,-23.91239
64.04885,-6.910765
71.5033,-0.02369585
82.15275,-21.6081
63.34114,-25.3215
73.77465,-8.064701
72.78902,-25.23712
60.628,-17.69653
70.46724,-13.250960000000001
71.33598,-35.30175999999999
78.18223,-4.003611
65.29634,-14.71507
79.06381,-17.52429
59.797169999999994,-15.80204
77.98643,0.14855
79.18679,-22.84098
61.1682,-17.87923
73.55363,3.7185639999999998
71.21540999999998,-7.743013
72.69725,-10.52523
66.1658,8.654269000000001
66.57901,-7.96869
77.53841,-7.255456
68.90079,-1.174505
75.15744000000002,-4.303189
60.93241,-19.6263
70.77526999999998,-15.19386
61.57277,-19.84966
74.40188,-12.65376
76.09886999999998,-8.812416
63.0071,4.700768
55.08188000000001,-13.813310000000001
62.74949,-7.885534
69.52172,-11.22383
72.21619,1.537016
86.36201,-19.03397
57.065369999999994,-8.751387
65.3979,-1.594234
62.21588000000001,-17.88168
66.55029,-26.34649000000001
63.71606,-2.147129
61.24889,11.37515
67.01504,-13.9139
76.54024,7.571401
51.77094,-18.34046
85.88293,3.3027599999999997
61.10013000000001,-12.41815
59.852019999999996,-5.652476
75.82624,-20.09061
61.68382,-13.309220000000002
57.11461,-14.71895
77.37225,-1.998448
56.9189,-5.607814
68.24065999999999,-16.7783
70.99341,-20.21861
55.900169999999996,-24.42781
65.72708,-12.626719999999999
86.9104,-2.218481
60.307959999999994,-21.13974
58.89599000000001,-13.65608
64.42315,2.896175
68.26449000000001,-1.292433
60.80457,-16.41014
74.24806,-23.90477000000001
68.40987,-1.351733
75.19914,-17.88874
53.99338,-16.79015
64.66423,-11.21753
78.41882,-8.131473
90.1256,-24.57763
78.52343,-23.97729
69.83008000000001,-6.2027019999999995
76.66716,-10.954839999999999
73.33869,-14.50632
54.61538,0.822026
75.07177,2.72507
72.55125,16.4744
75.25325,4.462008999999999
63.05424,-12.704889999999999
74.84572,-6.9136380000000015
81.29542,-18.13609
86.43307,1.7146
58.70364,-4.059786
50.14929,-14.31598
63.989090000000004,-11.18955
65.58124000000001,-11.163730000000001
78.43384,1.611536
81.6864,-7.565635
71.32661,-24.2114
56.50423000000001,-0.6708519000000001
66.49155,-11.932269999999999
77.01996,-7.084207000000001
83.91402,-1.3721299999999998
69.80927,-12.62827
59.75429000000001,1.039816
97.82028000000001,-16.56395
91.93916,-1.150087
67.92403,-17.03266
61.81742,9.498615
71.14845,-8.638981
66.59299,-32.46637
68.46967,-30.534990000000004
75.83458,-3.566499
79.48316,-30.800590000000003
63.92749,-11.3843
67.65975,-9.337537
67.92515999999999,4.484799
65.09831,-11.52629
70.69653000000002,-15.150479999999998
77.50496,-9.722227
88.75939,-10.3208
66.10896,-26.77577
48.80508,-22.4844
77.87479,-5.751227
74.65789000000002,-8.919705
82.11505,-1.623908
73.36298000000002,-14.605429999999998
71.40567,-4.340033
58.620619999999995,-10.19077
65.29805999999999,2.156136
72.86081,-11.82809
71.3769,-9.252214
84.13731999999997,8.626088000000001
70.62952,-29.138309999999997
74.71705,-17.16086
69.74262,-8.386807000000001
72.60228000000002,-4.416258999999998
62.13006,-22.79853
60.117290000000004,11.88867
76.74555,-17.363889999999998
67.41577,-9.266467
73.11009,-23.10049
79.32548,-15.702810000000001
104.3766,4.351511
66.86716,-19.87777
89.33103,-12.80378
35.74094,-24.00127
76.09913,-18.21636
69.3201,-5.764337
64.45351,-9.646416
81.06175,-21.19148
58.83277,-3.300213
59.77071,-6.5734270000000015
69.73292,-22.09676
66.791,-10.47102
49.655159999999995,-1.8697380000000001
70.70066,-15.89514
72.20053,-12.37627
65.95326,-16.931829999999998
74.20015,-14.89715
72.81212,-3.046355
57.88044,-4.081336
48.90072,-21.98084
61.67483000000001,4.149319
72.80554000000002,-5.543254
82.24438,-8.71373
68.85194,-0.9684210999999999
70.258,-5.573562
51.29503,3.890627
71.87862,1.95838
74.26682,0.2268598
73.88967,-4.138421
72.43866,-8.702069999999999
68.84693,-4.473853
67.4579,-11.51909
63.237359999999995,-4.332619
67.04571999999999,-8.749687
61.141059999999996,-20.129179999999998
59.06593,-36.59645
63.0932,-9.511965
64.19505,-4.122554
69.14381999999999,-6.864114999999999
68.2186,-13.96171
80.78811999999998,-21.61113
62.15595,-5.59855
76.2021,-0.3535414
67.71611999999999,-21.95391
66.87748,-13.763729999999999
81.16841,-12.7322
77.52611999999998,-16.854770000000002
73.13333,-14.03496
62.926080000000006,-13.9975
51.79126,6.185827
69.15686,-9.004087
62.27294000000001,-7.5767070000000025
62.86968,-8.90002
59.75554,-18.64859
55.93825,-5.324996
63.37816,8.626922
89.06512,-18.00787
59.49207,-21.839000000000002
63.0717,4.1653
74.18266,-14.39385
72.99597,-21.99502
74.54878000000002,0.68999
72.79072,-13.423789999999999
68.58779,0.4890194000000001
83.4991,-3.712483
85.60566,-2.3473889999999997
49.33336,-16.45131
80.25808,-17.90534
73.99424,-3.416731
71.49039,-32.68723
75.56421999999998,-35.10705
50.771770000000004,-5.560257
63.31959000000001,3.6956870000000004
62.633759999999995,-20.60124
72.48474,-9.643281
55.5865,-23.306929999999998
51.660270000000004,-29.96612
53.65475,-5.412205999999999
89.75272,-8.296797999999999
60.461859999999994,2.98287
80.376,-11.60401
61.82471999999999,-13.039639999999999
73.42504,-12.028369999999999
72.77863,1.591326
67.30395,-22.65711
71.1454,-6.820285
91.37652,-10.324530000000001
70.45770999999998,-2.015341
65.35571,-2.156085
86.14405,-6.644713
40.98589000000001,-20.96894
85.28412,-16.273020000000002
84.69904,-11.246360000000001
78.1619,-22.53974
63.30449,-7.1362830000000015
50.9626,-0.5868151999999999
78.5982,-24.0221
71.42413,-15.80383
73.3584,1.431008
63.5102,-10.89118
64.3641,-38.68109000000001
79.91314,-16.899739999999998
70.61451,-13.64807
77.37191,-29.6917
62.43318000000001,4.515735
66.53034,-23.73638
53.39924,-8.951078
82.79706999999998,-3.4061739999999996
65.8034,-11.19213
87.72446,-1.788042
68.37876999999999,-11.21265
76.46406999999998,1.250499
67.35838000000001,-1.9772939999999999
89.75777,-20.19515
71.4421,-6.040679
74.56606,-8.156191999999999
68.46404,-7.4320179999999985
78.44227,-13.592820000000001
73.10613000000002,5.701017
62.34706,-22.548939999999998
51.82533,-14.28696
70.39661,-5.694306
76.49829,-4.378538
61.48431,-16.319029999999998
61.80351999999999,1.297201
76.0211,-7.230397999999999
60.64451,7.604861
71.70814,-12.86116
76.83708,-18.12474
78.40621999999998,-18.09712
68.72024,-23.952370000000002
50.06301,-20.203529999999997
87.69691999999998,-11.42972
86.99996999999998,4.574135
68.19161,-20.04976
68.08471,-28.09651
64.0625,-10.7499
74.93968000000002,-13.940029999999998
74.13194,-7.691431
67.39908,-22.57539
73.78174,0.6641589
55.114369999999994,-11.707880000000001
82.80131999999998,-13.10405
61.3069,7.839162
66.26919000000001,-2.282228
59.197919999999996,-11.328489999999999
62.44526,-30.15219
49.19779000000001,-11.719510000000001
72.94774,-8.344704
59.87773000000001,-5.742763
73.47509000000002,-4.283149
85.36645,-16.46919
69.38539,-1.9069450000000001
62.15073,-5.052795
64.23725999999999,-13.3351
72.92104,0.791644
77.48227,-23.13051
77.34316,3.181548
69.85361,-9.066127
70.68101999999998,-3.58606
84.16232,-24.39767
57.465759999999996,4.544233999999999
63.88039000000001,1.74088
92.76103,1.320703
86.41515,-12.48442
63.23813000000001,0.6457113
72.81642,-17.780910000000006
52.983230000000006,1.240638
66.03696,-15.12986
63.821130000000004,-8.541133
84.74937,-21.77988
66.82718,-18.493570000000002
66.8739,-7.117552000000001
90.11309,-13.73802
43.88975,-13.82
81.08251,-12.44169
62.29297,-16.469920000000002
58.553290000000004,-23.56855
56.00959,8.877158999999997
76.57934,-6.1733970000000005
82.2019,-6.9652970000000005
73.04178,-14.762939999999999
69.56355,-12.55183
52.040929999999996,-14.04998
73.3532,-7.7899660000000015
63.90973,-12.61178
50.83435,-1.439128
72.19453,-16.442320000000002
74.73565,-25.90802
68.85865,-10.91415
80.10725,-4.844485
73.59379,-2.3005400000000003
64.91755,-17.796529999999994
69.18629,-1.3457290000000002
56.67511,-19.899739999999998
63.84701,7.070253
73.52853,-4.305105
77.77298,-20.97871
66.58747,-16.51202
74.68619,-13.785160000000001
82.44135,-3.198811
52.30627,-19.96528
69.2922,-8.165172
64.40332,11.5388
87.83745,-5.797536
73.06475999999998,2.346044
58.63267,1.1054
74.55995,-14.945820000000001
74.27044000000002,-21.81354
50.25447,-9.793256
62.09311999999999,-22.10528
87.61305,0.8871884
79.40338,3.454682
77.56643000000003,17.25978
87.67891,-5.012097
67.52089000000001,0.5997717
79.92055,-2.7858549999999997
71.32548,-6.040786
57.688109999999995,-26.8179
85.23694,-7.594192999999999
64.65368000000001,-8.68329
61.31142,11.2666
59.067640000000004,7.5886520000000015
87.76017,-11.61341
68.24614,-26.377159999999996
64.45452,-2.222824
65.53308,-29.09276
63.89614,-19.10272
80.11442,13.054219999999999
53.4408,-4.50005
71.92873,-16.93747
61.59669,-10.75492
66.93093,-13.782570000000002
50.34516,-9.613154
72.01345,-13.675139999999999
83.8145,-24.73408
78.27926,-0.21172559999999999
63.37316,-5.140422
67.56707,1.2630940000000002
78.30575999999998,-2.315313
64.15815,-9.960403
58.67935,-5.187703
84.99193000000002,-25.74853
66.11341,-4.922376
74.52394,-1.039614
70.64279,-8.465358
89.6064,0.47083400000000003
76.0323,-3.8376669999999997
75.88329,-11.40071
91.41507,-18.581229999999998
75.96584,-5.74556
56.82018000000001,-18.1518
65.26213,-1.156317
72.5354,-20.20325
42.97974,-8.860008
58.11489,-18.281660000000002
73.26021999999998,-11.98803
77.94697,-12.41635
71.2361,-8.819086
80.56624000000002,7.036737
88.41405999999998,-13.11624
72.93951,-8.774334
71.42486,-6.5686740000000015
85.37737,-2.574961
60.698930000000004,4.760236
84.41388,-6.6052880000000025
78.85013000000002,-11.48461
72.23626999999998,-3.3483300000000003
79.51451,-7.224457000000001
70.81756999999998,-20.52531
79.3355,-17.013379999999998
83.92007,-18.97531
64.99888,-4.225446
70.30046,4.675978
72.4469,-14.501339999999999
65.32914,-20.57936
69.68672,-8.770883999999999
82.80946999999998,-2.210701
66.12637,-24.658170000000002
74.31614,0.4964872
62.74274000000001,-19.14187
66.71625,-1.28301
52.765809999999995,2.2495990000000003
64.23697,2.673515
82.93061999999998,-20.18061
36.50027,-21.49223
103.9198,-25.94061
78.92066,-12.20063
71.31289,4.6782650000000015
70.89019,15.4043
87.70451,-15.3165
58.66569000000001,-4.894761
65.94133000000001,-0.4717233
53.61496999999999,-20.94196
80.81969000000002,-30.37179
67.59589,-2.237453
70.45368,-14.35
52.61427,-5.968235
67.05726999999999,-18.36929
80.33527,10.0038
65.81659,-7.6953960000000015
58.66797,-6.653395
63.55366,-33.60001
72.77927,-2.6015200000000003
70.05731,-6.740457000000001
63.67471,-19.57441
61.41443,-12.56155
59.919309999999996,-11.40836
54.54313000000001,-9.975537
70.58784,-9.452148
53.50131999999999,-11.88279
72.78958,-28.220059999999997
76.30181,-6.2316720000000005
51.48873,-31.35942
82.67635,-19.14385
64.73662,-20.46305
89.92531,-10.70861
82.33731999999998,-6.081996
67.7835,-13.78307
82.0141,8.581901
65.64449,-3.324757
58.89835,-22.795579999999998
50.28286,4.203121
68.29051,-13.59784
85.31325,-9.977644999999999
93.10153000000001,-14.48068
64.6744,-1.0862399999999999
72.97454,0.8260531999999999
74.51595999999998,-9.207847000000001
68.41306,-2.750809
75.30674,-4.204458
53.84029,-12.40979
67.35263,-0.35424859999999997
67.39329000000001,-32.9488
56.939409999999995,-4.871946
69.12279000000001,5.317039
57.22761,-5.167954
76.05929,-5.5695260000000015
59.81583000000001,-4.150285
64.30556999999999,-27.2714
59.1149,-16.25977
91.61397,-12.11007
78.31008,-16.3773
68.59947,0.7928145000000001
68.01685,1.1088870000000002
82.84614,-12.49169
49.51263,-0.5111645
69.8973,-34.17
84.17336999999998,-4.631359
78.89444,-24.29788
70.69758,9.444025
61.77013,-19.68894
78.0163,4.23549
73.54946,-16.099420000000002
55.73493000000001,-12.744539999999999
65.89819,13.69386
57.39889,-13.82744
63.04364,-27.31653
90.12375,-18.2544
64.38116,-23.61167
63.44825,-5.62352
72.94678,-17.25217
52.578340000000004,-13.12009
63.63273,5.738944
71.99254,-10.99059
72.39277,-4.811533
79.11701,-4.512673
51.93237,-17.866229999999995
70.43403,-21.59988
73.80844,-2.224638
81.84084,-19.73066
60.51824000000001,-7.9868289999999975
76.27816999999997,-26.23452
72.43248,-18.915110000000002
68.76535,1.418947
60.72785,2.763541
68.29949,-11.583260000000001
71.62149000000002,-26.87554
70.59952,-5.845408
80.10539,-10.8262
70.75399,10.09409
61.23998,-21.444229999999997
68.3528,8.337489
61.516659999999995,-12.43442
71.43109,-0.006148351999999999
62.02735,-24.19875
61.78095,1.968633
98.66974,-2.164127
73.01436,-1.7224549999999998
82.94384000000002,-0.9408177
80.52203,-13.20871
53.528859999999995,-3.686721
70.67194,-0.7722773
56.81425,-13.704579999999998
72.37652,-26.52538
49.83153,-8.861414
70.16466,-18.97082
72.25542,17.13289
69.0665,2.7427759999999997
57.836130000000004,-1.477452
75.97397,-22.849420000000002
68.33255,0.6976613
60.673559999999995,-8.95394
61.204719999999995,-14.9268
65.426,-8.987577
77.37339,-3.91479
65.88091,-24.6382
68.68375999999999,-26.484809999999996
83.17385,-11.66942
69.57141999999999,-1.19085
87.76274000000002,-12.09585
64.25253000000001,-4.659249
58.7633,-9.553751
87.6779,-14.574679999999999
84.77951999999998,-28.193379999999998
44.487590000000004,-28.91912
71.15801,-4.96975
81.11289000000002,1.8202939999999999
69.6739,-13.50128
77.81984,-29.2818
74.59189,-6.9690179999999975
87.18534,-7.561814
80.60636,4.6757800000000005
84.97686999999998,-20.77276
79.38887,18.965870000000002
73.09005,-9.938504
83.21137,-35.36076
54.64416,-10.79429
73.64229,-16.80874
68.84037,-3.089466
75.82528,-25.177960000000002
77.2142,-21.172320000000006
62.69973,-11.28403
65.87854,-18.35437
65.8312,-12.80048
69.75814,-6.189078
68.61625,-15.98461
64.98134,-16.78327
64.85876,-9.286581
66.79545999999999,-17.6295
43.564370000000004,-14.07815
68.28453,-0.05283603
53.977219999999996,-18.11732
72.37554,-14.15102
45.12958,6.069386
79.23594,-7.783266999999999
67.89267,-20.79489
77.45593000000002,-6.610436999999999
67.28255,-3.456408
77.23093,-4.179791000000002
77.14531,-16.250220000000002
60.35104000000001,-16.18723
65.31193,-16.61032
77.93611,-32.70189
79.88167,-9.25513
64.06411999999999,-5.0536650000000005
55.65335,-2.3524540000000003
60.33708000000001,-0.5121532
69.20068,-13.57959
62.69723000000001,-10.16704
66.39989,-5.404058
60.862559999999995,-17.942429999999995
74.03130999999998,-25.69833
82.44264,-17.38876
71.05726999999997,-20.94383
80.91493,-5.505733
74.19766,-3.3986739999999998
73.76104000000002,-9.804844000000001
69.15085,-27.33672
73.74459,-22.24747
93.63296,-10.36324
72.05005,-1.9886700000000002
79.09496999999998,-17.7693
52.661469999999994,-12.101189999999999
91.25622,-26.76765
69.69169000000001,-7.7890960000000025
47.71091,-6.095375
55.00807,11.567219999999999
67.68167,-9.785644
65.44644,-12.13077
84.56817,-6.077383
97.56903,-14.44639
53.24851999999999,-11.41788
67.16991,-4.0730379999999995
62.42045,-16.2767
59.63564,-37.79037
78.52355,-6.868666
68.07284,-9.450905
64.40905,-17.325689999999998
83.58873,-10.16413
83.71054000000002,-7.567408
76.59971999999998,-8.598391000000001
65.59871,-5.515496
64.16530999999999,-8.239429
72.31848000000002,-28.377390000000002
72.89074000000002,-13.084010000000001
71.85983,-7.281507
74.98594,4.9548
68.01299,-12.93427
71.72321,-7.872746
85.0203,-22.10981
66.09438,0.7196266
85.76525,-15.941579999999998
75.29033000000003,-20.524929999999998
69.05731,-16.42671
84.21595,-13.29946
69.43209,-7.778992999999999
69.3489,-16.70996
67.49600000000001,0.7695373000000001
54.37956,-2.373576
55.37194,-8.759966
65.99169,-4.956535
82.59654,-29.846390000000003
80.10463,-11.9095
62.443769999999994,-16.1361
87.34288000000002,-11.94191
63.13534,-32.47361
80.38441999999998,-12.193010000000001
53.62364,-20.69438
70.99268000000002,-3.2878010000000004
92.67575,-16.184620000000002
65.15415,-7.4224440000000005
79.33412,-22.18659
69.03038000000001,-13.706629999999999
85.09824,-11.31437
75.07559,-1.20056
74.90408000000002,-31.59422
51.66653,5.640219999999999
77.56271,-12.518839999999999
83.9768,-15.20381
52.638980000000004,0.2466355
64.80269,-19.89357
60.91486999999999,-5.64697
76.31144,-13.2713
72.70005,-17.95129
54.85474,-4.231365
60.46303,-11.154639999999999
73.09839000000002,-14.09135
58.33049000000001,-24.54733
78.08799,4.297182
61.18767,-32.67201
76.27331,-27.696070000000002
67.0222,-35.01962
83.54788,1.910021
54.19945,-13.45955
67.80528000000001,4.444605
87.90198000000002,14.85406
62.05761,-0.1845935
67.43387,-4.600472
51.20422,-7.373769999999999
83.53147,-4.596114
63.07033000000001,-10.094489999999999
62.599709999999995,-7.99627
68.3894,-1.819404
75.60424,-8.007767
51.39455,-7.560444
54.057430000000004,-30.14147
54.214330000000004,0.976269
66.1136,-2.307693
72.98232,-21.41706
63.47237,0.42437420000000003
67.75565999999999,-3.700921
59.91526999999999,-4.502811
59.59558000000001,19.35797
74.9352,2.191131
59.338809999999995,-18.74531
79.36211999999998,5.2144379999999995
82.11814,-13.61926
83.82712,-38.7955
74.61884,-11.33446
61.73203,-5.572901
68.48676999999999,-23.121370000000002
69.30094,-27.308729999999997
56.70621,-17.45695
71.53534,0.8623791999999999
76.21033,7.055012
63.84636,-17.7283
66.25222,-3.9130339999999997
81.44768,-24.24757
62.67937,-20.08821
54.335319999999996,1.649464
75.66274,-15.75875
80.03555,-14.61174
60.50964000000001,-18.80588
69.59801999999999,-15.57155
63.66285,-30.48215
56.052530000000004,-7.357508
64.07648,-4.398561
64.70491,-10.37657
80.56889,14.50799
86.61128000000002,-7.867749000000001
76.73148,-16.839389999999998
68.25068,-7.1420020000000015
83.53589000000002,-22.031760000000002
84.63376,-10.65431
59.70858000000001,-7.02261
66.62059,0.27824720000000003
79.4429,-20.8802
59.14149000000001,-3.268589
62.931419999999996,-9.67255
76.28171,6.197267
81.7813,-17.89441
49.64519,-20.29111
58.37999,-12.982000000000001
74.68241,-22.74285
88.04621999999998,2.73894
41.72015,-7.237918
61.91275,-12.98729
74.79148,-17.63764
61.990869999999994,-15.7656
82.01159,-18.703770000000002
78.71038,-15.10186
85.51906,-22.09427
76.5364,-11.392539999999999
48.342009999999995,-9.15055
69.69287,-7.0676289999999975
79.86285,-16.01771
69.80298,4.93805
83.65175,-18.73922
85.6528,-6.461061
82.77088,-2.3732990000000003
64.46531999999999,-10.50136
90.72282,-12.25584
64.87976,-24.87731
